Timestamp,OS,Browser,Device_Type,Session_ID,Last_Action
2026-05-31 16:12:47,Windows 10,Opera 131.0.0,💻 PC / Laptop,unknown,Radar Data Requested
2026-05-31 16:13:27,Windows 10,Chrome 148.0.0,💻 PC / Laptop,unknown,Radar Data Requested
2026-05-31 16:13:39,Windows 10,Opera 131.0.0,💻 PC / Laptop,unknown,Radar Data Requested
2026-05-31 16:13:45,Windows 10,Chrome 148.0.0,💻 PC / Laptop,unknown,Radar Data Requested
2026-05-31 16:14:17,Windows 10,Chrome 148.0.0,💻 PC / Laptop,unknown,Radar Data Requested
2026-05-31 16:17:47,Windows 10,Opera 131.0.0,💻 PC / Laptop,unknown,Radar Data Requested
2026-05-31 16:18:18,Windows 10,Opera 131.0.0,💻 PC / Laptop,unknown,Radar Data Requested
2026-05-31 16:20:18,Windows 10,Chrome 148.0.0,💻 PC / Laptop,unknown,Radar Data Requested
2026-05-31 16:21:57,Windows 10,Chrome 148.0.0,💻 PC / Laptop,unknown,Radar Data Requested
2026-05-31 16:23:00,Windows 10,Chrome 148.0.0,💻 PC / Laptop,unknown,Radar Data Requested
2026-05-31 16:23:31,Windows 10,Chrome 148.0.0,💻 PC / Laptop,unknown,Radar Data Requested
2026-05-31 16:24:04,Windows 10,Chrome 148.0.0,💻 PC / Laptop,unknown,Radar Data Requested
2026-05-31 16:25:08,Windows 10,Chrome 148.0.0,💻 PC / Laptop,unknown,Radar Data Requested
2026-05-31 16:25:39,Windows 10,Chrome 148.0.0,💻 PC / Laptop,,Radar Data Requested
2026-05-31 16:26:09,Windows 10,Chrome 148.0.0,💻 PC / Laptop,,Radar Data Requested
2026-05-31 16:26:39,Windows 10,Chrome 148.0.0,💻 PC / Laptop,,Radar Data Requested
2026-05-31 16:27:09,Windows 10,Chrome 148.0.0,💻 PC / Laptop,,Radar Data Requested
2026-05-31 16:27:59,Windows 10,Chrome 148.0.0,💻 PC / Laptop,,Radar Data Requested
2026-05-31 16:28:09,Windows 10,Chrome 148.0.0,💻 PC / Laptop,,Radar Data Requested
2026-05-31 16:28:39,Windows 10,Chrome 148.0.0,💻 PC / Laptop,,Radar Data Requested
2026-05-31 16:29:12,Windows 10,Chrome 148.0.0,💻 PC / Laptop,,Radar Data Requested
2026-05-31 16:30:05,Windows 10,Chrome 148.0.0,💻 PC / Laptop,,Radar Data Requested
